V,k,"C(V,k)",subsets_evaluated,exhaustive_ms,us_per_subset,greedy_gain_evaluations,greedy_ms,coverage_table_ms_single_run,optimal,greedy,measured
9,3,84,84,0.0276,0.3286,24,0.0079,0.0732,8,8,yes
12,4,495,495,0.1668,0.337,42,0.0135,0.113,11,11,yes
15,5,3003,3003,1.0273,0.3421,65,0.0201,0.1182,14,13,yes
18,6,18564,18564,7.4678,0.4023,93,0.0294,0.3454,18,18,yes
21,7,116280,116280,50.6268,0.4354,126,0.0443,0.1788,20,20,yes
24,8,735471,735471,373.069,0.5073,164,0.0512,0.2097,22,22,yes
30,10,30045015,,15240.3884,0.5073,,,,,,projected
36,12,1251677700,,634915.7857,0.5073,,,,,,projected
45,15,344867425584,,174934627.7189,0.5073,,,,,,projected
60,20,4191844505805495,,2126320735676.27,0.5073,,,,,,projected
